{
    "providers": [
        {"type": "bitmap", "file": "minecraft:font/MineLunar_Owner_Tag.png", "ascent": 7, "height": 7, "chars": ["\ue100"]},
        {"type": "bitmap", "file": "minecraft:font/MineLunar_Manager_Tag.png", "ascent": 7, "height": 7, "chars": ["\ue101"]},
        {"type": "bitmap", "file": "minecraft:font/MineLunar_Admin_Tag.png", "ascent": 7, "height": 7, "chars": ["\ue102"]},
        {"type": "bitmap", "file": "minecraft:font/MineLunar_SrMod_Tag.png", "ascent": 7, "height": 7, "chars": ["\ue103"]},
        {"type": "bitmap", "file": "minecraft:font/MineLunar_Mod_Tag.png", "ascent": 7, "height": 7, "chars": ["\ue104"]},
        {"type": "bitmap", "file": "minecraft:font/MineLunar_Helper_Tag.png", "ascent": 7, "height": 7, "chars": ["\ue105"]},
        {"type": "bitmap", "file": "minecraft:font/MineLunar_Lunar_Tag.png", "ascent": 7, "height": 7, "chars": ["\ue106"]},
        {"type": "bitmap", "file": "minecraft:font/MineLunar_Mercury_Tag.png", "ascent": 7, "height": 7, "chars": ["\ue107"]},
        {"type": "bitmap", "file": "minecraft:font/MineLunar_Venus_Tag.png", "ascent": 7, "height": 7, "chars": ["\ue108"]},
        {"type": "bitmap", "file": "minecraft:font/MineLunar_Earth_Tag.png", "ascent": 7, "height": 7, "chars": ["\ue109"]},
        {"type": "bitmap", "file": "minecraft:font/MineLunar_Mars_Tag.png", "ascent": 7, "height": 7, "chars": ["\ue110"]},
        {"type": "bitmap", "file": "minecraft:font/MineLunar_Jupiter_Tag.png", "ascent": 7, "height": 7, "chars": ["\ue111"]},
        {"type": "bitmap", "file": "minecraft:font/MineLunar_Logo.png", "ascent": 64, "height": 64, "chars": ["\ue112"]},
        {"type": "bitmap", "file": "minecraft:font/MineLunar_Media_Tag.png", "ascent": 7, "height": 7, "chars": ["\ue113"]}
    ]
}